Date,Confirmed,Deaths,Recovered,Active,New Confirmed,New deaths,New recovered,Recovery rate(per 100),Mortality rate(per 100),Number of countries
2020-01-22,557,17,30,510,0,0,0,5.39,3.05,6
2020-01-23,655,18,32,605,98,1,2,4.89,2.75,8
2020-01-24,941,26,39,876,286,8,7,4.14,2.76,9
2020-01-25,1433,42,42,1349,492,16,3,2.93,2.93,11
2020-01-26,2118,56,56,2006,685,14,14,2.64,2.64,13
2020-01-27,2927,82,65,2780,809,26,9,2.22,2.8,16
2020-01-28,5578,131,108,5339,2651,49,43,1.94,2.35,16
2020-01-29,6167,133,126,5908,589,2,18,2.04,2.16,18
2020-01-30,8235,171,143,7921,2068,38,17,1.74,2.08,20
2020-01-31,9927,213,222,9492,1692,42,79,2.24,2.15,23
2020-02-01,12038,259,284,11495,2111,46,62,2.36,2.15,25
2020-02-02,16787,362,463,15962,4749,103,179,2.76,2.16,25
2020-02-03,19887,426,608,18853,3100,64,145,3.06,2.14,25
2020-02-04,23898,492,826,22580,4011,66,218,3.46,2.06,26
2020-02-05,27643,564,1076,26003,3745,72,250,3.89,2.04,26
2020-02-06,30803,634,1423,28746,3160,70,347,4.62,2.06,26
2020-02-07,34335,719,1908,31708,3532,85,485,5.56,2.09,26
2020-02-08,37069,806,2470,33793,2734,87,562,6.66,2.17,26
2020-02-09,40096,906,3058,36132,3027,100,588,7.63,2.26,26
2020-02-10,42634,1013,3715,37906,2538,107,657,8.71,2.38,26
2020-02-11,44676,1113,4418,39145,2042,100,703,9.89,2.49,26
2020-02-12,45054,1118,4850,39086,378,5,432,10.76,2.48,26
2020-02-13,60207,1371,5929,52907,15153,253,1079,9.85,2.28,26
2020-02-14,66691,1523,7612,57556,6484,152,1683,11.41,2.28,27
2020-02-15,68767,1666,8903,58198,2076,143,1291,12.95,2.42,27
2020-02-16,70880,1770,10320,58790,2113,104,1417,14.56,2.5,27
2020-02-17,72816,1868,11951,58997,1936,98,1631,16.41,2.57,27
2020-02-18,74610,2008,13693,58909,1794,140,1742,18.35,2.69,27
2020-02-19,75031,2123,15394,57514,421,115,1701,20.52,2.83,28
2020-02-20,75578,2246,17371,55961,547,123,1977,22.98,2.97,28
2020-02-21,76207,2250,17968,55989,629,4,597,23.58,2.95,30
2020-02-22,77968,2457,21852,53659,1761,207,3884,28.03,3.15,30
2020-02-23,78291,2467,22304,53520,323,10,452,28.49,3.15,31
2020-02-24,78855,2627,24047,52181,564,160,1743,30.5,3.33,36
2020-02-25,79708,2707,26652,50349,853,80,2605,33.44,3.4,41
2020-02-26,80671,2767,29079,48825,963,60,2427,36.05,3.43,47
2020-02-27,82031,2810,31920,47301,1360,43,2841,38.91,3.43,51
2020-02-28,83417,2867,35305,45245,1386,57,3385,42.32,3.44,56
2020-02-29,85308,2936,38313,44059,1891,69,3008,44.91,3.44,61
2020-03-01,87689,2990,41209,43490,2381,54,2896,46.99,3.41,66
2020-03-02,89672,3079,44084,42509,1983,89,2875,49.16,3.43,73
2020-03-03,92265,3154,46680,42431,2593,75,2596,50.59,3.42,76
2020-03-04,94573,3249,49618,41706,2308,95,2938,52.47,3.44,80
2020-03-05,97384,3343,52236,41805,2811,94,2618,53.64,3.43,84
2020-03-06,101297,3454,54268,43575,3913,111,2032,53.57,3.41,93
2020-03-07,105392,3558,56758,45076,4095,104,2490,53.85,3.38,94
2020-03-08,109341,3797,59092,46452,3949,239,2334,54.04,3.47,99
2020-03-09,113513,3987,60891,48635,4172,190,1799,53.64,3.51,102
2020-03-10,118335,4261,62798,51276,4822,274,1907,53.07,3.6,105
2020-03-11,125996,4604,65109,56283,7689,343,2311,51.68,3.65,111
2020-03-12,131786,4910,66431,60445,5790,306,1322,50.41,3.73,113
2020-03-13,146170,5407,68356,72407,14384,497,1925,46.76,3.7,119
2020-03-14,157244,5827,70727,80690,11074,420,2371,44.98,3.71,134
2020-03-15,168513,6468,74138,87907,11269,641,3411,44.0,3.84,138
2020-03-16,183321,7146,76192,99983,14808,678,2054,41.56,3.9,144
2020-03-17,199264,7959,78936,112369,15943,813,2744,39.61,3.99,147
2020-03-18,218822,8864,81422,128536,19558,905,2486,37.21,4.05,151
2020-03-19,245871,9975,83064,152832,27049,1111,1642,33.78,4.06,155
2020-03-20,276646,11457,85509,179680,30775,1482,2445,30.91,4.14,162
2020-03-21,308637,13174,89755,205708,31991,1717,4246,29.08,4.27,164
2020-03-22,343493,14849,95973,232671,34856,1675,6218,27.94,4.32,169
2020-03-23,386328,16793,96442,273093,42835,1944,469,24.96,4.35,170
2020-03-24,427507,19079,105982,302446,41194,2286,9540,24.79,4.46,172
2020-03-25,478508,21882,111428,345198,51001,2803,5446,23.29,4.57,175
2020-03-26,541385,24910,119791,396684,62877,3028,8363,22.13,4.6,175
2020-03-27,606426,28397,128504,449525,65041,3487,8713,21.19,4.68,176
2020-03-28,673704,32120,136806,504778,67278,3723,8302,20.31,4.77,176
2020-03-29,732941,35607,146258,551076,59237,3487,9452,19.95,4.86,176
2020-03-30,798235,39672,161595,596968,65294,4065,15337,20.24,4.97,177
2020-03-31,875080,44426,174063,656591,76845,4754,12468,19.89,5.08,179
2020-04-01,957865,50399,189608,717858,82785,5973,15545,19.79,5.26,179
2020-04-02,1040928,56270,206328,778330,83063,5871,16720,19.82,5.41,180
2020-04-03,1124479,62407,221317,840755,83551,6137,14989,19.68,5.55,180
2020-04-04,1182868,68305,241326,873237,75463,5898,20009,20.4,5.77,180
2020-04-05,1255460,73459,254732,927269,72592,5154,13406,20.29,5.85,181
2020-04-06,1328603,79382,271204,978017,73143,5923,16472,20.41,5.97,182
2020-04-07,1398432,87639,293937,1016856,73320,8257,22733,21.02,6.27,182
2020-04-08,1481787,94433,322463,1064891,83355,6794,28526,21.76,6.37,182
2020-04-09,1568806,102220,346725,1119861,87019,7787,24262,22.1,6.52,182
2020-04-10,1654341,109622,367790,1176929,85535,7402,21065,22.23,6.63,183
2020-04-11,1728652,115799,393346,1219507,74311,6177,25556,22.75,6.7,183
2020-04-12,1848346,121604,412212,1314530,119715,5805,18866,22.3,6.58,183
2020-04-13,1919078,127523,438851,1352704,70732,5919,26639,22.87,6.65,183
2020-04-14,2003045,134500,463454,1405091,83967,6977,24603,23.14,6.71,183
2020-04-15,2080193,142959,499271,1437963,77148,8459,35817,24.0,6.87,183
2020-04-16,2175744,150235,529448,1496061,95551,7276,30177,24.33,6.9,183
2020-04-17,2263741,158609,554784,1550348,87997,8374,25336,24.51,7.01,183
2020-04-18,2340981,164754,578243,1597984,77241,6145,23459,24.7,7.04,183
2020-04-19,2417586,169954,609126,1638506,76605,5200,30883,25.2,7.03,183
2020-04-20,2493604,175792,630592,1687220,76018,5838,21466,25.29,7.05,183
2020-04-21,2569353,183089,664749,1721515,75749,7297,34157,25.87,7.13,183
2020-04-22,2650600,189921,693585,1767094,81247,6832,28836,26.17,7.17,183
2020-04-23,2734849,196749,721997,1816103,85959,6828,28412,26.4,7.19,183
2020-04-24,2818945,203491,771630,1843824,94130,6742,49633,27.37,7.22,183
2020-04-25,2901203,209114,798529,1893560,82258,5623,26899,27.52,7.21,183
2020-04-26,2972791,213044,826405,1933342,71589,3930,27876,27.8,7.17,183
2020-04-27,3042983,217746,852866,1972371,70192,4702,26461,28.03,7.16,183
2020-04-28,3118523,224324,885088,2009111,75540,6578,32222,28.38,7.19,183
2020-04-29,3195633,231150,926038,2038445,78567,6826,40950,28.98,7.23,183
2020-04-30,3279128,237199,990017,2051912,83495,6049,63979,30.19,7.23,185
2020-05-01,3367504,242329,1026823,2098352,88376,5130,36806,30.49,7.2,185
2020-05-02,3446704,247798,1066404,2132502,79367,5469,39581,30.94,7.19,185
2020-05-03,3523077,251237,1097792,2174048,76373,3439,31388,31.16,7.13,185
2020-05-04,3600766,255394,1130737,2214635,77690,4157,32945,31.4,7.09,185
2020-05-05,3681268,261262,1166233,2253773,80502,5868,35496,31.68,7.1,185
2020-05-06,3771295,267802,1211169,2292324,90027,6540,44936,32.12,7.1,185
2020-05-07,3860002,273102,1249585,2337315,90290,5300,38416,32.37,7.08,185
2020-05-08,3950280,278640,1285017,2386623,91758,5538,35432,32.53,7.05,185
2020-05-09,4035503,282929,1337453,2415121,85223,4289,52436,33.14,7.01,185
2020-05-10,4110479,286421,1370398,2453660,74985,3492,32945,33.34,6.97,185
2020-05-11,4187110,289865,1416377,2480868,76688,3444,45979,33.83,6.92,185
2020-05-12,4271600,295369,1452395,2523836,84510,5504,36018,34.0,6.91,185
2020-05-13,4356580,300516,1507145,2548919,84980,5147,54750,34.59,6.9,186
2020-05-14,4452811,305670,1545891,2601250,96232,5154,38746,34.72,6.86,186
2020-05-15,4548543,310893,1593155,2644495,95732,5223,47264,35.03,6.84,186
2020-05-16,4642982,315143,1648637,2679202,94439,4250,55482,35.51,6.79,186
2020-05-17,4721004,318272,1688906,2713826,78022,3129,40269,35.77,6.74,186
2020-05-18,4810171,321984,1741116,2747071,89167,3712,52210,36.2,6.69,186
2020-05-19,4906946,326676,1792345,2787925,96984,4692,51229,36.53,6.66,186
2020-05-20,5008824,331469,1850607,2826748,101878,4793,58262,36.95,6.62,186
2020-05-21,5115468,336150,1900901,2878417,106748,4681,50294,37.16,6.57,186
2020-05-22,5221889,341422,2008575,2871892,106421,5272,107674,38.46,6.54,186
2020-05-23,5326694,345406,2062709,2918579,104805,3984,54134,38.72,6.48,186
2020-05-24,5420905,348391,2117553,2954961,94650,2985,54844,39.06,6.43,186
2020-05-25,5507621,349570,2180583,2977468,87088,1179,63030,39.59,6.35,186
2020-05-26,5601588,353798,2235039,3012751,93967,4228,54456,39.9,6.32,186
2020-05-27,5704350,358891,2297483,3047976,102762,5093,62444,40.28,6.29,186
2020-05-28,5823633,363509,2363627,3096497,119283,4618,66144,40.59,6.24,186
2020-05-29,5944535,368151,2439965,3136419,120902,4642,76338,41.05,6.19,186
2020-05-30,6081050,372171,2509811,3199068,136515,4020,69846,41.27,6.12,186
2020-05-31,6187458,374942,2585499,3227017,106408,2771,75688,41.79,6.06,186
2020-06-01,6283452,378020,2639543,3265889,95994,3078,54044,42.01,6.02,186
2020-06-02,6405417,382756,2743015,3279646,122612,4736,103472,42.82,5.98,186
2020-06-03,6519655,388172,2821309,3310174,117465,5416,78294,43.27,5.95,186
2020-06-04,6650609,393211,2890687,3366711,130954,5039,69378,43.46,5.91,186
2020-06-05,6781832,397786,2958979,3425067,131223,4575,68292,43.63,5.87,186
2020-06-06,6915569,401616,3030156,3483797,133737,3830,71177,43.82,5.81,186
2020-06-07,7027932,404347,3084670,3538915,112363,2731,54514,43.89,5.75,186
2020-06-08,7130429,408049,3235592,3486788,102497,3702,150922,45.38,5.72,186
2020-06-09,7255487,412831,3317089,3525567,125058,4782,81497,45.72,5.69,186
2020-06-10,7390592,417891,3395181,3577520,135105,5060,78092,45.94,5.65,186
2020-06-11,7528611,422554,3480133,3625924,138019,4663,84952,46.23,5.61,186
2020-06-12,7657375,426752,3558956,3671667,128764,4198,78823,46.48,5.57,186
2020-06-13,7792664,430905,3644026,3717733,135289,4153,85070,46.76,5.53,186
2020-06-14,7924948,434275,3714022,3776651,132284,3370,69996,46.86,5.48,186
2020-06-15,8044606,437682,3793476,3813448,119658,3407,79454,47.16,5.44,186
2020-06-16,8186690,444399,3890905,3851386,142084,6717,97429,47.53,5.43,186
2020-06-17,8330430,449548,4008353,3872529,143740,5149,117448,48.12,5.4,186
2020-06-18,8471489,454458,4088995,3928036,141059,4910,80642,48.27,5.36,186
2020-06-19,8651402,460557,4183450,4007395,180061,6099,94455,48.36,5.32,186
2020-06-20,8808849,464712,4298793,4045344,157447,4155,115343,48.8,5.28,186
2020-06-21,8936549,468708,4367052,4100789,127700,3996,68259,48.87,5.24,186
2020-06-22,9075905,472252,4458208,4145445,139356,3544,91156,49.12,5.2,186
2020-06-23,9242702,477562,4561822,4203318,166797,5310,103614,49.36,5.17,186
2020-06-24,9415278,482757,4677154,4255367,172576,5195,115332,49.68,5.13,186
2020-06-25,9593657,487454,4769694,4336509,178379,4697,92540,49.72,5.08,186
2020-06-26,9785242,492202,4875354,4417686,191585,4748,105660,49.82,5.03,186
2020-06-27,9963368,496670,4981371,4485327,178126,4468,106017,50.0,4.98,186
2020-06-28,10127234,499810,5070327,4557097,164272,3140,88956,50.07,4.94,186
2020-06-29,10282577,503494,5163896,4615187,155343,3684,93569,50.22,4.9,186
2020-06-30,10457115,508458,5280807,4667850,174538,4964,116911,50.5,4.86,186
2020-07-01,10674712,513396,5396423,4764893,217597,4938,115616,50.55,4.81,186
2020-07-02,10884655,518491,5680879,4685285,209943,5095,284456,52.19,4.76,186
2020-07-03,11086036,523410,5790395,4772231,201382,4919,109516,52.23,4.72,186
2020-07-04,11279843,527792,5985878,4766173,193807,4382,195483,53.07,4.68,186
2020-07-05,11463847,531259,6104975,4827613,184004,3467,119097,53.25,4.63,186
2020-07-06,11627809,535091,6228274,4864444,163962,3832,123299,53.56,4.6,186
2020-07-07,11839159,541096,6373019,4925044,211350,6005,144745,53.83,4.57,186
2020-07-08,12053309,546403,6530631,4976275,214150,5307,157612,54.18,4.53,186
2020-07-09,12280127,551795,6664962,5063370,226818,5392,134331,54.27,4.49,186
2020-07-10,12512785,557090,6804027,5151668,232658,5295,139065,54.38,4.45,186
2020-07-11,12729249,561891,6929396,5237962,216464,4801,125369,54.44,4.41,186
2020-07-12,12921535,565871,7041048,5314616,192286,3980,111652,54.49,4.38,186
2020-07-13,13112972,569764,7180926,5362282,191437,3893,139878,54.76,4.35,186
2020-07-14,13335136,575361,7322835,5436940,222164,5597,141909,54.91,4.31,186
2020-07-15,13566591,580800,7482288,5503503,231460,5439,159453,55.15,4.28,186
2020-07-16,13817892,586578,7634409,5596905,251304,5778,152121,55.25,4.25,186
2020-07-17,14060622,593241,7793957,5673424,242730,6663,159548,55.43,4.22,186
2020-07-18,14296802,598851,7944581,5753370,236180,5610,150624,55.57,4.19,186
2020-07-19,14510231,602922,8032446,5874863,213429,4071,87865,55.36,4.16,186
2020-07-20,14717339,607114,8191124,5919101,207108,4192,158678,55.66,4.13,186
2020-07-21,14950987,613315,8365540,5972132,233758,6201,174416,55.95,4.1,186
2020-07-22,15230852,620255,8545003,6065594,279867,6940,179463,56.1,4.07,186
2020-07-23,15513694,630170,8720781,6162743,282842,9915,175778,56.21,4.06,186
2020-07-24,15794746,636246,8948505,6209995,281052,6076,227724,56.65,4.03,186
2020-07-25,16048784,641765,9168038,6238981,254038,5519,219533,57.13,4.0,186
2020-07-26,16261892,645468,9311074,6305350,213108,3703,143036,57.26,3.97,186
2020-07-27,16488309,650657,9481960,6355692,226421,5189,170886,57.51,3.95,186
2020-07-28,16741086,656953,9652160,6431973,252777,6296,170200,57.66,3.92,186
2020-07-29,17032774,663568,9854424,6514782,291688,6615,202264,57.86,3.9,186
2020-07-30,17312835,669611,10067574,6575650,280061,6043,213150,58.15,3.87,186
2020-07-31,17603557,675823,10266613,6661121,290722,6212,199039,58.32,3.84,186
2020-08-01,17851885,681281,10450343,6720261,248328,5458,183730,58.54,3.82,186
2020-08-02,18082879,685584,10588908,6808387,230994,4303,138565,58.56,3.79,186
2020-08-03,18289346,690254,10811238,6787854,206468,4670,222330,59.11,3.77,186
2020-08-04,18547259,696859,11034018,6816382,257913,6605,222780,59.49,3.76,186
2020-08-05,18823825,703869,11255367,6864589,276566,7010,221349,59.79,3.74,186
2020-08-06,19109004,710342,11443842,6954820,285179,6473,188475,59.89,3.72,186
2020-08-07,19391215,716626,11635412,7039177,282211,6284,191570,60.0,3.7,186
2020-08-08,19649725,722041,11835512,7092172,258510,5415,200100,60.23,3.67,186
2020-08-09,19874402,726626,12014099,7133677,224679,4585,178587,60.45,3.66,186
2020-08-10,20100427,731896,12175625,7192906,226025,5270,161526,60.57,3.64,186
2020-08-11,20357951,738113,12480203,7139635,257525,6217,304578,61.3,3.63,186
2020-08-12,20634532,744694,12720442,7169396,276581,6581,240239,61.65,3.61,186
2020-08-13,20923711,750900,12883846,7288965,289195,6206,163404,61.58,3.59,186
2020-08-14,21227441,761034,13166618,7299789,303730,10134,282772,62.03,3.59,186
2020-08-15,21475130,766420,13334883,7373827,247689,5386,168265,62.09,3.57,186
2020-08-16,21689597,770644,13567530,7351423,214509,4224,232647,62.55,3.55,186
2020-08-17,21897307,774790,13778268,7344249,207710,4146,210738,62.92,3.54,186
2020-08-18,22155527,781673,14005167,7368687,258220,6883,226899,63.21,3.53,186
2020-08-19,22435105,788380,14222635,7424090,279578,6707,217468,63.39,3.51,186
2020-08-20,22707407,794432,14430075,7482900,272302,6052,207440,63.55,3.5,186
2020-08-21,22968489,799871,14597961,7570657,261082,5439,167886,63.56,3.48,186
2020-08-22,23232740,805430,14807567,7619743,264251,5559,209606,63.74,3.47,186
2020-08-23,23438918,809297,15023835,7605786,206178,3867,216268,64.1,3.45,186
2020-08-24,23664264,813783,15222453,7628028,225446,4486,198618,64.33,3.44,186
2020-08-25,23908021,820048,15453422,7634551,243757,6265,230969,64.64,3.43,186
2020-08-26,24191938,826335,15678616,7686987,283917,6287,225194,64.81,3.42,186
2020-08-27,24475638,832215,15885388,7758035,283717,5880,206772,64.9,3.4,186
2020-08-28,24759370,837731,16083986,7837653,285080,5516,198598,64.96,3.38,186
2020-08-29,25023108,843049,16295104,7884955,263738,5318,211118,65.12,3.37,186
2020-08-30,25244088,847083,16505133,7891872,220980,4034,210029,65.38,3.36,186
2020-08-31,25507066,851257,16705262,7950547,262978,4174,200129,65.49,3.34,186
2020-09-01,25771794,857678,16962777,7951339,264728,6421,257515,65.82,3.33,186
2020-09-02,26055224,863753,17181572,8009899,283442,6075,218795,65.94,3.32,186
2020-09-03,26336518,869458,17402286,8064774,281294,5705,220714,66.08,3.3,186
2020-09-04,26650556,875329,17615151,8160076,314038,5871,212865,66.1,3.28,186
2020-09-05,26920441,880281,17815856,8224304,269904,4952,200705,66.18,3.27,186
2020-09-06,27151036,884070,18027352,8239614,230595,3789,211496,66.4,3.26,186
2020-09-07,27368817,893434,18224580,8250803,225734,9364,197228,66.59,3.26,186
2020-09-08,27611058,898349,18425310,8287399,242241,4915,200730,66.73,3.25,186
2020-09-09,27895577,904451,18665114,8326012,284519,6102,239804,66.91,3.24,186
2020-09-10,28195500,910255,18880584,8404661,299923,5804,215470,66.96,3.23,186
2020-09-11,28516741,916128,19103502,8497111,321241,5873,222918,66.99,3.21,186
2020-09-12,28803334,921026,19326007,8556301,286593,4898,222505,67.1,3.2,186
2020-09-13,29045968,924702,19513452,8607814,242634,3676,187445,67.18,3.18,186
2020-09-14,29309669,929125,19740986,8639558,263701,4423,227534,67.35,3.17,186
2020-09-15,29595051,935637,19966435,8692979,285382,6512,225449,67.47,3.16,186
2020-09-16,29899403,941444,20195160,8762799,304352,5807,228725,67.54,3.15,186
2020-09-17,30214342,946915,20414633,8852794,314939,5471,219473,67.57,3.13,186
2020-09-18,30540125,952605,20664985,8922535,325783,5690,250352,67.67,3.12,186
2020-09-19,30832207,957865,20901509,8972833,292082,5260,236524,67.79,3.11,186
2020-09-20,31084206,961589,21137943,8984674,251999,3724,236434,68.0,3.09,186
2020-09-21,31360234,965691,21382167,9012376,276028,4102,244224,68.18,3.08,186
2020-09-22,31644548,971647,21600090,9072811,284314,5956,217923,-67.47,3.07,186
2020-09-23,31920339,977282,21862241,9080816,275791,5635,262151,-66.06,3.06,186
2020-09-24,32273327,983963,22116937,9172427,352988,6681,254696,-64.55,3.05,186
2020-09-25,32604098,989850,22354905,9259343,330771,5887,237968,-63.17,3.04,186
2020-09-26,32892414,995182,22616374,9280858,288316,5332,261469,-61.82,3.03,186
2020-09-27,33144120,998845,22829232,9316043,251706,3663,212858,-60.71,3.01,186
2020-09-28,33398868,1002797,23050361,9345710,254748,3952,221129,-59.58,3.0,186
2020-09-29,33681305,1008744,23290051,9382510,282437,5947,239690,-58.37,2.99,186
2020-09-30,34007415,1015196,23536798,9455421,326110,6452,246747,-57.08,2.99,186
2020-10-01,34325651,1023891,23756610,9545150,318236,8695,219812,-55.91,2.98,186
2020-10-02,34623281,1028894,23927610,9666777,297630,5003,171000,-54.94,2.97,186
2020-10-03,34955443,1034248,24182186,9739009,332162,5354,254576,-53.69,2.96,186
2020-10-04,35216867,1038063,24402403,9776401,261424,3815,220217,-52.67,2.95,186
2020-10-05,35517864,1044991,24637428,9835445,300997,6928,235025,-51.56,2.94,186
2020-10-06,35844174,1050783,24868019,9925372,326310,5792,230591,-50.45,2.93,186
2020-10-07,36195049,1056606,25121350,10017093,350875,5823,253331,-49.26,2.92,186
2020-10-08,36556285,1062863,25338854,10154568,361236,6257,217504,-48.17,2.91,186
2020-10-09,36917066,1068999,25543023,10305044,360781,6136,204169,-47.15,2.9,186
2020-10-10,37274036,1073858,25736562,10463616,356970,4859,193539,-46.18,2.88,186
2020-10-11,37561004,1077850,25956995,10526159,286968,3992,220433,-45.24,2.87,186
2020-10-12,37852651,1081791,26155787,10615073,291647,3941,198792,-44.37,2.86,187
2020-10-13,38171908,1087067,26344563,10740278,319257,5276,188776,-43.5,2.85,187
2020-10-14,38554097,1093130,26554780,10906187,382189,6063,210217,-42.52,2.84,187
2020-10-15,38960968,1099225,26759753,11101990,406871,6095,204973,-41.55,2.82,187
2020-10-16,39372636,1105377,26960509,11306750,411668,6152,200756,-40.61,2.81,187
2020-10-17,39745213,1110965,27158652,11475596,372584,5588,198143,-39.73,2.8,187
2020-10-18,40061743,1114463,27356486,11590794,316530,3498,197834,-38.92,2.78,187
2020-10-19,40448756,1119283,27555884,11773589,387013,4820,199398,-38.06,2.77,187
2020-10-20,40837770,1125832,27765081,11946857,389014,6549,209197,-37.18,2.76,187
2020-10-21,41282550,1132505,27979470,12170575,444780,6673,214389,-36.26,2.74,187
2020-10-22,41755180,1138396,28204246,12412538,472630,5891,224776,-35.31,2.73,187
2020-10-23,42251751,1145352,28403671,12702728,496571,6956,199425,-34.43,2.71,187
2020-10-24,42708510,1151158,28613914,12943438,456759,5806,210243,-33.57,2.7,187
2020-10-25,43068876,1155300,28808865,13104711,360366,4142,194951,-32.83,2.68,187
2020-10-26,43555366,1160776,29044928,13349662,486490,5476,236063,-31.92,2.67,187
2020-10-27,44025174,1168138,29632435,13224601,469808,7362,587507,-30.25,2.65,187
2020-10-28,44536658,1175273,29895608,13465777,511484,7135,263173,-29.31,2.64,188
2020-10-29,45087159,1182322,30139673,13765164,550501,7049,244065,-28.41,2.62,188
2020-10-30,45657766,1189893,30392131,14075742,570607,7571,252458,-27.5,2.61,188
2020-10-31,46134309,1196450,30634560,14303299,476543,6557,242429,-26.69,2.59,188
2020-11-01,46597019,1201395,30890632,14504992,462710,4945,256072,-25.88,2.58,188
2020-11-02,47159748,1207472,31168125,14784151,562729,6077,277493,-24.98,2.56,188
2020-11-03,47713107,1216802,31415713,15080592,553359,9330,247588,-24.17,2.55,188
2020-11-04,48224263,1227032,31692709,15304522,557232,10230,276996,-23.34,2.54,188
2020-11-05,48821127,1235030,31994522,15591575,596865,7998,301813,-22.44,2.53,188
2020-11-06,49465726,1244641,32278772,15942313,644599,9611,284250,-21.57,2.52,188
2020-11-07,50062376,1252170,32576036,16234170,596650,7529,297264,-20.72,2.5,188
2020-11-08,50546178,1257968,32826920,16461290,483802,5798,250884,-20.03,2.49,188
2020-11-09,51047414,1265116,33079961,16702337,501236,7148,253041,-19.33,2.48,188
2020-11-10,51606351,1275064,33334180,16997107,558937,9948,254219,-18.63,2.47,189
2020-11-11,52254531,1285501,33712320,17256710,648180,10437,378140,-17.68,2.46,189
2020-11-12,52904338,1295240,33933948,17675150,649807,9739,221628,-17.04,2.45,189
2020-11-13,53556208,1304804,34232132,18019272,651870,9564,298184,-16.28,2.44,189
2020-11-14,54150959,1313801,34508280,18328878,594751,8997,276148,-15.59,2.43,189
2020-11-15,54624668,1320099,34734392,18570177,473709,6298,226112,-15.04,2.42,189
2020-11-16,55158840,1327973,35119920,18710947,534172,7874,385528,-14.19,2.41,189
2020-11-17,55769425,1339004,35549540,18880881,610585,11031,429620,-13.27,2.4,189
2020-11-18,56396368,1350377,35908350,19137641,626943,11373,358810,-12.49,2.39,190
2020-11-19,57049558,1361332,36277499,19410727,653190,10955,369149,-11.7,2.39,190
2020-11-20,57717961,1373147,36628479,19716335,668403,11815,350980,-10.95,2.38,190
2020-11-21,58305220,1381982,36964985,19958253,587259,8835,336506,-10.26,2.37,190
2020-11-22,58793221,1389027,37233784,20170410,488003,7045,268799,-9.72,2.36,190
2020-11-23,59317916,1397409,37638506,20282001,524705,8382,404722,-8.95,2.36,190
2020-11-24,59907863,1410050,38006779,20491034,589947,12641,368273,-8.25,2.35,190
2020-11-25,60543311,1422202,38440284,20680825,635448,12152,433505,-7.45,2.35,190
2020-11-26,61124906,1432940,38801992,20889974,581595,10738,361708,-6.79,2.34,190
2020-11-27,61812217,1444205,39177954,21190058,687311,11265,375962,-6.1,2.34,190
2020-11-28,62397969,1453358,39534713,21409898,585752,9153,356759,-5.47,2.33,190
2020-11-29,62886193,1460324,39847482,21578387,488224,6966,312769,-4.93,2.32,190
2020-11-30,63394314,1469057,40243260,21681997,508121,8733,395778,-4.27,2.32,190
2020-12-01,64006240,1481758,40715092,21809390,611926,12701,471832,-3.49,2.32,190
2020-12-02,64656756,1494316,41172615,21989825,650516,12558,457523,-2.75,2.31,190
2020-12-03,65349565,1506785,41593251,22249529,692809,12469,420636,-2.08,2.31,190
2020-12-04,66032477,1519218,42078124,22435135,682912,12433,484873,-1.32,2.3,190
2020-12-05,66673627,1529356,42510974,22633297,641150,10138,432850,-0.66,2.29,190
2020-12-06,67212375,1536562,42820077,22855736,538748,7206,309103,-0.19,2.29,190
2020-12-07,67732127,1545128,43221966,22965033,519752,8566,401889,0.4,2.28,190
2020-12-08,68375030,1557335,43657240,23160455,642903,12207,435274,1.03,2.28,190
2020-12-09,69044062,1569928,44077068,23397066,669032,12593,419828,1.63,2.27,190
2020-12-10,70541184,1582515,44560630,24398039,1497122,12587,483562,2.28,2.24,190
2020-12-11,71244159,1595436,45032238,24616485,702975,12921,471608,2.92,2.24,190
2020-12-12,71864312,1605622,46533217,23725473,620153,10186,1500979,4.99,2.23,190
2020-12-13,72408586,1613025,46920792,23874769,544274,7403,387575,5.48,2.23,190
2020-12-14,72932540,1622031,40921993,30388516,523954,9006,-5998799,-2.78,2.22,190
2020-12-15,73568929,1635926,41273961,30659042,636389,13895,351968,-2.28,2.22,190
2020-12-16,74301695,1649593,41629652,31022450,732800,13667,355691,-1.78,2.22,190
2020-12-17,75040385,1662888,41995823,31381674,738690,13295,366171,-1.27,2.22,190
2020-12-18,75759638,1675507,42306308,31777823,719253,12619,310485,-0.85,2.21,190
2020-12-19,76371117,1686107,42655440,32029570,611479,10600,349132,-0.39,2.21,190
2020-12-20,76904320,1693802,42923539,32286979,533203,7695,268099,-0.03,2.2,190
2020-12-21,77453176,1703316,43256820,32493040,548856,9514,333281,0.4,2.2,190
2020-12-22,78102380,1717603,43609692,32775085,649204,14287,352872,0.85,2.2,190
2020-12-23,78796375,1731339,43927417,33137619,693995,13736,317725,1.24,2.2,190
2020-12-24,79462527,1742929,44241568,33478030,666152,11590,314151,1.63,2.19,190
2020-12-25,79926887,1751279,44531393,33644215,464360,8350,289825,1.98,2.19,190
2020-12-26,80440045,1758434,44937165,33744446,513158,7155,405772,2.47,2.19,190
2020-12-27,80878286,1765620,45214463,33898203,438241,7186,277298,2.8,2.18,190
2020-12-28,81374686,1775213,45498405,34101068,496400,9593,283942,3.13,2.18,190
2020-12-29,82037473,1790409,45843540,34403524,662787,15196,345135,3.53,2.18,190
2020-12-30,82797304,1805687,46220680,34770937,759831,15278,377140,3.95,2.18,190
2020-12-31,83520280,1818789,46493125,35208366,722976,13102,272445,4.24,2.18,190
2021-01-01,84051741,1828131,46776890,35446720,531461,9342,283765,4.55,2.18,190
2021-01-02,84677784,1836383,47074483,35766918,626043,8252,297593,4.87,2.17,190
2021-01-03,85211233,1843621,47326306,36041306,533449,7238,251823,5.14,2.16,190
2021-01-04,85764859,1853666,47601216,36309977,553626,10045,274910,5.42,2.16,190
2021-01-05,86503396,1869036,47911292,36723068,738537,15370,310076,5.74,2.16,190
2021-01-06,87284951,1884048,48216596,37184307,781555,15012,305304,6.03,2.16,190
2021-01-07,88143013,1898676,48530291,37714046,858063,14628,313695,6.33,2.15,190
2021-01-08,88964577,1914040,48820181,38230356,821564,15364,289890,6.6,2.15,190
2021-01-09,89726850,1926754,49147608,38652488,762273,12714,327427,6.91,2.15,190
2021-01-10,90316017,1934926,49408461,38972630,589167,8172,260853,7.15,2.14,190
2021-01-11,90934597,1945152,49685978,39303467,618580,10226,277517,7.41,2.14,190
2021-01-12,91639742,1962247,50021690,39655805,705145,17095,335712,7.72,2.14,190
2021-01-13,92387319,1978886,50378591,40029842,747577,16639,356901,8.04,2.14,190
2021-01-14,93142135,1994193,50740020,40407922,754816,15307,361429,8.36,2.14,190
2021-01-15,93907344,2009225,51052267,40845852,765209,15032,312247,8.63,2.14,190
2021-01-16,94524763,2022232,51365824,41136707,617419,13007,313557,8.9,2.14,190
2021-01-17,95074037,2030931,51671103,41372003,549274,8699,305279,9.17,2.14,190
2021-01-18,95588615,2040230,51979449,41568936,514578,9299,308346,9.45,2.13,190
2021-01-19,96196984,2057064,52374954,41764966,608369,16834,395505,9.8,2.14,190
2021-01-20,96888942,2074946,52694515,42119481,691958,17882,319561,10.06,2.14,190
2021-01-21,97545159,2091732,53052795,42400632,656217,16786,358280,10.36,2.14,191
2021-01-22,98203499,2107666,53428105,42667728,658340,15934,375310,10.67,2.15,191
2021-01-23,98770871,2120944,53743427,42906500,567372,13278,315322,10.93,2.15,191
2021-01-24,99216815,2129788,54043961,43043066,445944,8844,300534,11.18,2.15,191
2021-01-25,99725552,2140496,54349470,43235586,508737,10708,305509,11.43,2.15,191
2021-01-26,100275829,2157881,54672236,43445712,550277,17385,322766,11.69,2.15,191
2021-01-27,100865322,2174537,55168176,43522609,589493,16656,495940,12.11,2.16,191
2021-01-28,101456827,2191198,55315545,43950084,591505,16661,147369,12.19,2.16,191
2021-01-29,102068500,2206446,55674000,44188054,611675,15248,358455,12.47,2.16,191
2021-01-30,102583114,2219969,56021596,44341549,514614,13523,347596,12.74,2.16,191
2021-01-31,102965148,2227895,56304159,44433094,382034,7926,282563,12.97,2.16,191
2021-02-01,103412277,2238113,56567400,44606764,447129,10218,263241,13.17,2.16,191
2021-02-02,103869117,2253049,56913546,44702522,456840,14936,346146,13.44,2.17,191
2021-02-03,104391147,2268782,57238637,44883728,522030,15733,325091,13.69,2.17,191
2021-02-04,104857267,2282663,57528258,45046346,466120,13881,289621,13.9,2.18,191
2021-02-05,105391856,2299220,57813670,45278966,534589,16557,285412,14.1,2.18,191
2021-02-06,105764009,2309331,58106715,45347963,372153,10111,293045,14.33,2.18,191
